"Product ID","Inventory Quantity","Product Cost","Sales Date","Product Category",Promotions
1387,25,85.71,2021-09-13,SmartPhones,Yes
7548,69,72.92,2021-10-23,Electronics,Yes
5349,14,123.35,2018-03-20,SmartPhones,No
4114,6,144.67,2019-06-06,Electronics,Yes
6409,41,136.04,2021-06-30,Electronics,No
1006,37,49.93,2019-09-15,SmartPhones,No
3780,11,63.92,2021-09-11,SmartPhones,Yes
4680,26,38.00,2022-07-10,Electronics,Yes
8461,81,119.38,2020-04-28,Laptops,No
2746,55,51.58,2022-05-14,Laptops,Yes
9976,21,151.29,2020-07-02,Laptops,No
9849,18,38.66,2018-06-15,Laptops,Yes
9890,54,21.83,2020-08-12,Laptops,No
7232,1,189.12,2020-09-03,SmartPhones,No
9947,78,180.58,2022-06-27,Laptops,Yes
7624,22,169.70,2022-01-23,Home_Appliances,Yes
2375,55,35.78,2021-08-09,Laptops,Yes
6355,98,177.13,2019-11-23,SmartPhones,No
9837,45,52.60,2018-04-17,Electronics,Yes
1333,20,55.32,2021-06-26,Laptops,Yes
7043,78,125.38,2018-12-10,Electronics,Yes
6111,87,182.52,2021-03-25,Laptops,No
4978,90,156.77,2018-07-28,Electronics,Yes
9289,44,12.40,2021-08-19,Laptops,No
6280,32,167.84,2022-10-11,Electronics,No
7209,4,103.92,2019-11-20,SmartPhones,Yes
5581,77,143.22,2022-12-08,SmartPhones,Yes
7625,32,68.18,2021-11-17,SmartPhones,No
9779,89,45.18,2022-04-10,Home_Appliances,No
1745,71,65.51,2018-04-22,Home_Appliances,No
8843,44,45.03,2020-06-21,Electronics,No
4929,71,24.26,2018-12-22,Electronics,No
4792,91,63.72,2019-08-14,Laptops,Yes
4241,15,113.47,2020-05-20,Home_Appliances,No
6039,96,166.61,2021-05-03,SmartPhones,No
5460,70,103.82,2020-10-21,Electronics,Yes
1423,30,192.76,2018-07-07,Electronics,No
6700,43,71.00,2020-04-16,Electronics,Yes
7561,98,114.52,2022-07-25,Laptops,Yes
7622,66,166.74,2022-11-07,Electronics,No
9167,57,154.40,2021-07-04,Home_Appliances,No
8941,4,194.90,2018-09-06,Home_Appliances,Yes
4681,15,97.68,2022-09-20,Electronics,Yes
5479,62,196.25,2020-04-30,Home_Appliances,No
9327,18,174.17,2022-03-09,SmartPhones,No
1042,93,66.73,2019-08-03,Laptops,Yes
1715,96,99.87,2019-10-14,Laptops,No
3492,5,33.99,2020-10-11,SmartPhones,Yes
7512,11,171.84,2021-08-23,Laptops,No
9864,80,23.00,2018-03-15,SmartPhones,Yes
2646,22,141.86,2020-06-27,Electronics,Yes
4945,75,37.19,2020-10-16,Laptops,No
8622,87,113.85,2019-08-13,Electronics,No
7951,33,96.80,2021-11-14,SmartPhones,Yes
1803,96,104.38,2021-05-26,SmartPhones,Yes
5106,97,146.98,2021-10-20,Home_Appliances,Yes
8222,75,79.32,2018-03-10,Home_Appliances,Yes
4289,70,176.53,2018-09-28,SmartPhones,No
8894,38,151.85,2022-07-10,SmartPhones,Yes
4696,87,147.60,2022-10-28,Laptops,No
3024,48,137.84,2020-07-20,SmartPhones,No
5951,53,32.17,2021-08-22,Electronics,Yes
9807,50,96.19,2018-10-05,Laptops,Yes
7686,5,141.15,2019-07-27,Home_Appliances,No
7018,83,78.15,2021-01-20,Laptops,No
8450,85,50.30,2018-07-07,Electronics,Yes
4362,98,115.30,2018-05-21,Home_Appliances,Yes
1046,19,197.63,2019-07-22,SmartPhones,Yes
6869,31,121.88,2022-06-06,Electronics,Yes
2862,9,100.49,2022-03-08,SmartPhones,Yes
9543,59,132.23,2019-09-10,Electronics,Yes
2768,92,182.84,2020-10-01,Electronics,Yes
9984,42,82.37,2021-12-29,SmartPhones,No
2874,84,133.67,2022-10-13,Home_Appliances,No
8430,54,148.63,2020-03-27,SmartPhones,No
8770,12,168.04,2018-05-18,Electronics,No
1842,77,69.37,2019-08-13,Electronics,Yes
6736,72,79.84,2022-09-28,SmartPhones,Yes
1430,85,167.60,2021-06-01,SmartPhones,Yes
6567,1,44.47,2019-12-20,Home_Appliances,No
2503,68,50.88,2022-03-09,Laptops,No
8972,86,68.60,2020-12-15,Home_Appliances,No
4460,18,155.19,2022-04-21,SmartPhones,No
3116,69,143.70,2020-02-18,SmartPhones,Yes
3815,80,97.42,2022-06-30,SmartPhones,Yes
7560,11,85.20,2020-12-09,SmartPhones,No
2868,66,46.84,2020-12-22,SmartPhones,No
4871,19,58.63,2018-07-30,Home_Appliances,Yes
9095,97,117.11,2020-08-08,Laptops,No
2118,57,129.96,2020-08-18,SmartPhones,Yes
1616,48,168.02,2018-04-27,Electronics,Yes
1672,74,133.85,2020-07-10,SmartPhones,No
6626,11,105.86,2022-01-02,Home_Appliances,Yes
9564,21,79.14,2021-06-02,SmartPhones,No
6482,43,27.96,2018-05-15,Laptops,No
3463,11,120.72,2019-11-14,Home_Appliances,No
3112,91,188.22,2021-05-03,SmartPhones,No
9624,83,137.39,2018-07-11,SmartPhones,Yes
8967,29,200.00,2019-01-29,Home_Appliances,Yes
9843,95,177.90,2022-09-07,Electronics,No
3527,24,167.96,2018-11-29,Home_Appliances,No
8277,37,152.95,2021-06-04,Laptops,Yes
8684,25,79.89,2022-09-07,Laptops,No
7859,26,162.24,2018-11-28,Home_Appliances,No
2680,67,171.72,2021-12-27,SmartPhones,Yes
3414,56,27.43,2022-08-29,Home_Appliances,No
7495,48,54.80,2020-10-25,Electronics,No
6493,19,36.14,2022-06-09,SmartPhones,No
8349,1,182.11,2021-06-14,Electronics,No
9647,15,157.47,2020-05-16,Home_Appliances,No
8489,15,168.97,2018-05-09,Laptops,Yes
5772,1,126.81,2020-05-29,Home_Appliances,No
6908,68,113.38,2018-05-19,Electronics,No
7116,96,13.09,2019-06-04,Electronics,No
6447,6,76.94,2018-10-01,SmartPhones,Yes
8840,24,164.18,2021-07-17,Electronics,No
1686,40,107.92,2019-10-09,Laptops,No
1783,84,73.07,2022-11-09,Electronics,No
7334,24,104.28,2019-11-26,Laptops,No
7955,56,124.47,2018-06-11,Home_Appliances,No
6021,78,146.36,2020-07-02,Home_Appliances,No
6776,56,62.17,2021-06-13,Electronics,Yes
3621,19,171.25,2018-03-05,Laptops,Yes
6933,73,16.15,2020-02-24,Home_Appliances,No
3255,47,85.63,2020-12-20,SmartPhones,Yes
9482,72,32.37,2020-03-03,SmartPhones,No
9047,16,35.79,2019-02-14,Electronics,No
6236,45,144.81,2021-09-29,SmartPhones,No
3852,47,106.66,2022-06-14,Electronics,Yes
6912,74,80.09,2021-02-08,Home_Appliances,Yes
8842,53,156.14,2020-12-12,Electronics,Yes
9476,17,176.81,2019-12-07,Home_Appliances,Yes
3034,20,67.78,2020-11-27,Home_Appliances,No
9501,11,57.62,2019-08-05,SmartPhones,Yes
5336,27,155.72,2021-08-26,Laptops,Yes
5949,32,162.89,2020-09-16,Laptops,No
7809,60,48.76,2020-09-18,Home_Appliances,No
6658,17,154.53,2020-03-27,Electronics,No
3308,7,65.14,2018-07-18,Laptops,No
9148,12,189.59,2018-02-17,Laptops,Yes
9108,84,137.78,2021-05-08,SmartPhones,Yes
2204,65,95.57,2020-03-02,SmartPhones,Yes
6555,47,153.44,2021-02-16,Home_Appliances,No
5902,44,106.39,2021-04-30,Laptops,No
2795,75,68.46,2020-05-03,Electronics,No
4728,7,120.87,2022-01-17,Home_Appliances,No
2800,3,93.80,2019-01-26,Laptops,Yes
8726,95,148.21,2022-11-23,Home_Appliances,Yes
7173,23,97.34,2019-10-05,SmartPhones,No
5876,37,143.93,2022-04-29,Laptops,No
5480,16,118.96,2019-08-13,Laptops,No
5758,37,191.51,2018-03-28,Electronics,No
4505,69,61.52,2019-02-18,SmartPhones,Yes
1831,68,52.88,2021-10-03,Home_Appliances,Yes
3252,71,195.80,2018-01-11,Home_Appliances,No
4267,37,71.02,2022-03-29,Electronics,Yes
1611,54,177.63,2018-12-25,Home_Appliances,Yes
5742,5,11.76,2022-12-01,Electronics,No
9092,18,171.70,2022-12-27,Laptops,No
8518,33,146.53,2021-08-20,Electronics,No
3303,42,187.81,2020-09-04,Electronics,No
6400,75,147.35,2019-09-11,Electronics,No
2936,40,40.35,2020-08-11,SmartPhones,Yes
4618,18,100.85,2019-03-25,Laptops,No
2838,71,181.55,2018-05-07,Home_Appliances,Yes
4365,75,102.88,2022-01-08,Laptops,Yes
2196,55,75.46,2018-04-03,Electronics,Yes
7184,11,139.72,2020-02-09,Home_Appliances,No
3086,29,168.62,2022-01-30,Electronics,No
7214,30,57.03,2022-08-14,SmartPhones,Yes
2848,85,89.66,2018-03-07,Electronics,Yes
3295,38,54.49,2020-10-28,SmartPhones,No
6642,86,82.42,2021-08-10,SmartPhones,No
7824,68,35.48,2021-02-15,Home_Appliances,No
7079,69,147.67,2018-07-09,Home_Appliances,Yes
2192,98,121.64,2019-01-21,Home_Appliances,No
1251,25,192.79,2019-03-10,Electronics,No
7498,71,71.11,2019-05-06,SmartPhones,No
6892,64,98.54,2020-11-16,Laptops,No
5026,71,134.38,2020-10-19,SmartPhones,No
9037,22,149.23,2020-08-01,SmartPhones,Yes
9882,8,109.55,2021-08-07,Electronics,Yes
4791,91,38.70,2018-05-20,Home_Appliances,No
8916,63,12.99,2021-09-12,Laptops,Yes
5697,65,164.50,2018-02-05,Laptops,Yes
4144,68,57.96,2021-06-23,SmartPhones,No
8520,32,198.14,2021-03-03,Home_Appliances,No
8109,43,117.51,2021-08-13,Electronics,Yes
8790,6,185.59,2019-07-10,SmartPhones,Yes
4394,19,152.93,2021-04-17,Laptops,Yes
7375,70,73.03,2021-10-18,Home_Appliances,Yes
8161,10,74.71,2019-04-21,Laptops,No
9038,46,115.08,2019-04-13,Laptops,No
5839,32,145.49,2022-06-23,Electronics,No
7383,47,30.24,2019-10-11,Electronics,No
2430,56,95.28,2019-01-19,Laptops,Yes
6315,50,12.34,2022-11-04,Laptops,No
2036,56,62.43,2018-12-09,SmartPhones,No
7224,43,93.64,2022-07-05,Laptops,Yes
8848,23,193.27,2019-10-06,SmartPhones,No
4971,49,63.26,2019-10-30,Laptops,No
2133,53,137.87,2022-08-05,Home_Appliances,No
7176,58,198.23,2018-06-01,Laptops,No
7853,5,160.24,2021-01-18,SmartPhones,Yes
3725,79,18.42,2021-08-18,Laptops,No
5239,66,151.90,2019-03-31,Home_Appliances,No
9199,45,199.56,2018-11-05,Laptops,Yes
3321,40,75.18,2019-12-15,Home_Appliances,No
8412,9,67.05,2019-10-16,Electronics,Yes
3692,32,108.04,2022-02-25,Home_Appliances,No
7636,24,45.41,2021-07-13,Laptops,No
8037,1,143.90,2020-03-07,Home_Appliances,No
2667,69,45.52,2022-06-26,SmartPhones,Yes
9646,41,123.42,2021-08-01,Laptops,Yes
5873,76,26.10,2021-06-12,Home_Appliances,No
3316,50,89.47,2020-11-12,Home_Appliances,No
3838,22,103.03,2021-02-10,Home_Appliances,Yes
6882,63,35.94,2018-01-20,Laptops,No
8272,22,25.71,2020-09-27,Electronics,Yes
7010,97,17.91,2021-01-15,Laptops,Yes
4882,95,121.71,2019-03-06,SmartPhones,No
4390,8,118.31,2022-07-08,SmartPhones,Yes
5380,66,197.24,2022-10-24,Electronics,Yes
5543,84,34.11,2022-11-11,Home_Appliances,Yes
7434,19,119.71,2020-09-29,SmartPhones,No
2525,66,152.46,2020-04-05,SmartPhones,No
2526,59,130.62,2022-02-05,SmartPhones,Yes
4470,35,71.34,2020-10-10,SmartPhones,No
6631,98,19.20,2021-10-29,Electronics,No
8479,55,48.44,2018-01-02,Home_Appliances,No
6905,11,80.65,2019-05-28,Home_Appliances,Yes
4836,84,27.33,2020-05-29,Electronics,Yes
9510,57,11.76,2021-10-24,SmartPhones,Yes
2160,50,26.97,2019-04-14,Electronics,Yes
3181,87,37.14,2021-08-06,Electronics,Yes
3480,79,140.45,2020-04-23,Home_Appliances,Yes
7291,55,69.76,2019-12-21,Home_Appliances,Yes
5668,89,15.10,2022-05-15,SmartPhones,Yes
5842,7,158.92,2021-08-16,Home_Appliances,No
2163,2,197.51,2020-12-17,SmartPhones,Yes
9951,23,154.92,2021-10-30,Electronics,Yes
1990,51,106.26,2022-06-05,Laptops,No
3501,11,68.88,2019-07-23,Home_Appliances,Yes
1901,86,150.92,2019-09-26,Home_Appliances,Yes
9133,67,108.27,2019-12-12,SmartPhones,Yes
2934,4,73.65,2022-04-29,Laptops,No
2262,59,107.05,2020-10-13,Electronics,No
2685,87,147.33,2021-03-21,Home_Appliances,Yes
8729,50,184.84,2020-01-16,Home_Appliances,Yes
7870,42,57.17,2019-04-05,SmartPhones,No
1862,29,162.82,2019-01-03,Electronics,No
6090,12,115.09,2019-11-02,Electronics,No
4974,48,122.42,2020-08-08,Laptops,Yes
3466,53,14.54,2018-01-14,SmartPhones,Yes
6038,27,110.66,2018-08-01,Home_Appliances,No
5584,6,185.04,2018-07-10,Laptops,No
9280,82,165.79,2018-10-01,Electronics,Yes
5276,41,185.95,2022-10-09,Laptops,No
4321,100,156.33,2018-10-06,Electronics,Yes
2978,46,193.28,2021-01-02,Home_Appliances,No
3582,88,67.80,2022-07-12,Electronics,Yes
8408,96,114.52,2021-02-12,Electronics,No
2010,100,196.69,2022-08-28,Home_Appliances,Yes
2376,76,59.18,2021-04-07,Electronics,Yes
3110,43,33.28,2018-07-08,Laptops,Yes
7471,4,82.72,2020-10-13,Laptops,Yes
8307,20,16.58,2022-12-15,Home_Appliances,No
2437,50,36.07,2019-07-27,Home_Appliances,Yes
7266,92,78.23,2022-05-21,Laptops,No
3946,41,123.45,2018-02-23,Electronics,No
4813,13,57.09,2018-11-23,Home_Appliances,No
9064,40,43.36,2021-01-15,Electronics,Yes
8831,43,184.40,2018-01-02,Home_Appliances,Yes
6301,3,38.07,2018-05-02,Home_Appliances,Yes
7120,85,85.16,2021-12-13,Electronics,No
8157,82,192.53,2022-06-10,SmartPhones,Yes
6846,86,121.90,2019-04-03,Home_Appliances,No
1029,74,84.40,2021-12-08,Electronics,Yes
4619,73,29.78,2021-08-02,Laptops,Yes
6234,82,178.21,2018-12-10,Electronics,No
2110,33,159.53,2019-12-19,Electronics,Yes
7783,49,76.73,2020-10-06,Laptops,Yes
6600,49,40.57,2018-12-15,Electronics,Yes
1507,84,41.35,2020-06-02,Laptops,Yes
7705,71,147.19,2021-11-28,SmartPhones,No
9043,7,78.56,2018-11-11,Laptops,Yes
4271,4,49.32,2018-07-18,SmartPhones,Yes
8715,85,60.35,2020-09-28,Laptops,Yes
1731,57,98.36,2019-06-24,Home_Appliances,No
2584,86,75.32,2018-06-25,Laptops,Yes
7858,88,174.71,2021-01-01,Laptops,Yes
1568,74,181.09,2020-10-25,Home_Appliances,Yes
3738,25,33.98,2019-03-10,Laptops,Yes
3422,77,59.00,2022-09-05,Electronics,Yes
5525,59,184.26,2020-11-30,Electronics,No
8750,23,62.33,2018-03-18,Home_Appliances,No
4892,96,100.29,2018-04-11,SmartPhones,No
5593,63,173.06,2022-09-23,Electronics,Yes
6257,94,89.19,2019-07-06,Electronics,Yes
8937,67,174.77,2022-04-05,Electronics,Yes
6904,26,62.06,2021-12-14,Laptops,No
7102,77,94.76,2020-09-28,Laptops,No
2480,4,83.45,2019-08-07,Home_Appliances,Yes
5408,53,107.52,2021-08-27,Electronics,No
5128,60,67.41,2019-03-23,Laptops,Yes
5529,42,173.68,2021-08-04,SmartPhones,No
1930,77,86.78,2022-07-08,SmartPhones,Yes
5250,52,83.77,2020-05-07,Electronics,Yes
3999,43,134.34,2021-10-24,Home_Appliances,No
6428,34,121.26,2020-02-01,Laptops,Yes
2166,25,105.09,2020-08-25,Laptops,No
4281,53,197.57,2019-12-03,Laptops,Yes
8988,81,197.46,2019-11-13,SmartPhones,Yes
8821,1,17.17,2020-02-25,Home_Appliances,No
9700,3,138.58,2019-01-26,Home_Appliances,Yes
7284,76,68.16,2020-10-27,Electronics,Yes
9587,56,178.72,2019-11-23,Home_Appliances,No
3701,52,13.63,2022-07-21,Home_Appliances,Yes
3017,92,133.60,2020-01-21,Electronics,No
1796,7,135.77,2021-05-01,Electronics,Yes
9966,61,143.35,2019-06-02,Home_Appliances,Yes
5423,78,143.14,2021-06-29,Laptops,Yes
2741,26,125.71,2020-10-16,SmartPhones,Yes
9980,27,140.76,2020-10-13,Laptops,No
2809,74,137.11,2022-09-07,Home_Appliances,Yes
5192,30,96.78,2021-08-12,SmartPhones,No
1646,38,78.44,2022-10-12,SmartPhones,No
1751,18,136.04,2018-01-20,Home_Appliances,No
2522,44,44.75,2020-02-03,Laptops,No
8835,54,133.28,2022-06-27,Home_Appliances,Yes
3611,54,183.13,2018-08-01,Laptops,No
1472,88,177.19,2022-11-02,Home_Appliances,No
1753,34,134.44,2018-05-10,Electronics,Yes
3435,72,179.49,2022-09-15,Electronics,Yes
4648,83,81.94,2021-02-01,Home_Appliances,Yes
9166,41,32.55,2020-07-04,Laptops,Yes
1002,12,160.44,2022-08-19,SmartPhones,Yes
1889,29,170.42,2022-07-31,SmartPhones,No
2596,85,52.13,2022-04-05,SmartPhones,No
9552,90,30.20,2020-02-05,Home_Appliances,No
2752,79,47.23,2019-06-05,Electronics,No
6536,97,88.75,2018-08-09,Electronics,No
9172,68,149.88,2018-01-09,Laptops,No
3845,17,29.68,2022-02-05,SmartPhones,No
5067,51,193.08,2019-07-15,SmartPhones,No
9393,90,114.08,2019-09-05,SmartPhones,Yes
6657,17,196.45,2021-10-09,Home_Appliances,No
7839,96,179.83,2021-10-12,SmartPhones,No
2016,38,48.76,2021-11-15,Electronics,No
4675,83,116.64,2022-03-01,Home_Appliances,No
7825,88,69.40,2022-06-03,Electronics,Yes
3131,75,170.74,2018-11-26,Electronics,No
6285,7,157.00,2021-05-07,SmartPhones,No
6207,29,191.83,2020-12-12,Electronics,Yes
4624,28,136.03,2022-12-15,SmartPhones,No
8780,97,196.42,2021-02-23,Electronics,Yes
4994,88,178.28,2018-03-23,Laptops,Yes
9468,99,81.24,2022-08-11,Laptops,No
6434,12,23.92,2018-03-19,Home_Appliances,No
5237,50,95.71,2020-04-14,Laptops,No
5937,12,63.49,2021-05-27,Laptops,No
9740,18,151.88,2019-03-27,SmartPhones,Yes
9970,40,49.91,2018-06-24,SmartPhones,Yes
3637,29,127.21,2019-01-12,SmartPhones,Yes
8982,46,34.36,2019-11-09,Home_Appliances,Yes
8960,43,127.11,2020-07-11,SmartPhones,Yes
8017,1,69.51,2018-12-12,Home_Appliances,No
6432,62,97.94,2022-12-03,SmartPhones,No
2343,36,173.16,2022-09-20,Home_Appliances,Yes
2235,65,130.01,2018-02-08,Laptops,Yes
9842,84,157.29,2020-08-24,SmartPhones,No
5767,60,105.21,2018-10-02,Electronics,No
3717,66,36.67,2022-03-31,Home_Appliances,Yes
3395,94,101.87,2022-02-16,SmartPhones,Yes
7052,6,137.03,2019-04-25,SmartPhones,No
6309,91,194.00,2018-07-31,SmartPhones,No
7201,76,134.13,2020-01-19,Electronics,No
6781,45,102.50,2022-08-01,Laptops,Yes
2263,83,63.35,2020-11-19,Home_Appliances,Yes
4773,43,146.85,2020-04-29,Laptops,No
7732,32,18.20,2018-02-15,Home_Appliances,Yes
1916,34,185.26,2018-12-07,Laptops,Yes
2404,58,125.24,2019-03-20,Laptops,No
3979,85,107.05,2021-06-30,Home_Appliances,No
7196,17,30.63,2020-02-29,Home_Appliances,No
1639,69,105.63,2022-12-03,Electronics,Yes
8899,99,82.43,2022-06-06,Electronics,No
2373,77,176.59,2019-08-04,Laptops,No
9561,67,11.37,2018-08-30,Home_Appliances,No
5155,69,90.48,2019-06-20,SmartPhones,No
7522,18,172.45,2022-02-15,Electronics,Yes
4513,52,159.36,2020-11-07,Electronics,Yes
7296,79,134.67,2020-03-31,SmartPhones,Yes
8192,26,171.61,2018-01-22,SmartPhones,Yes
4795,22,138.06,2021-06-13,SmartPhones,Yes
5520,52,77.09,2022-05-16,Laptops,No
2124,71,64.05,2018-07-04,SmartPhones,No
4187,52,119.23,2020-07-20,SmartPhones,Yes
5821,15,162.56,2019-11-28,SmartPhones,No
4985,44,192.64,2022-04-01,Laptops,No
5224,49,130.40,2018-05-19,Home_Appliances,Yes
9776,90,168.11,2018-01-20,Home_Appliances,No
2245,23,100.55,2021-02-09,SmartPhones,Yes
4115,95,47.94,2020-10-18,Home_Appliances,No
6833,100,30.27,2018-11-16,Electronics,No
1692,62,80.53,2022-10-03,SmartPhones,No
5501,24,197.03,2020-10-02,SmartPhones,No
7933,70,16.19,2020-09-06,SmartPhones,No
2972,67,97.41,2021-12-01,Electronics,Yes
6924,34,45.56,2021-06-08,SmartPhones,Yes
4013,55,50.00,2020-10-18,SmartPhones,No
3148,88,53.43,2021-03-25,Electronics,No
4212,95,38.41,2018-10-26,Electronics,Yes
2621,21,21.41,2021-11-15,SmartPhones,No
5256,47,116.47,2020-01-10,SmartPhones,No
4259,74,133.47,2021-03-27,Home_Appliances,No
8322,11,82.40,2022-12-27,SmartPhones,No
6527,81,126.34,2020-05-13,Laptops,Yes
5773,35,125.02,2021-12-25,Laptops,No
9535,53,41.79,2020-07-11,Electronics,Yes
7504,98,199.24,2020-12-09,Electronics,No
7387,30,57.01,2019-09-26,SmartPhones,No
1468,85,77.80,2018-03-13,SmartPhones,No
9987,18,194.21,2020-06-30,Home_Appliances,No
9576,82,111.42,2021-08-03,SmartPhones,No
5698,69,11.58,2020-08-18,Laptops,No
4788,1,114.16,2022-06-20,Home_Appliances,No
7385,49,51.91,2022-08-24,Electronics,No
5454,84,151.16,2019-08-07,SmartPhones,No
2808,59,127.37,2021-07-28,SmartPhones,No
9764,24,194.74,2018-02-15,SmartPhones,No
2477,2,103.78,2018-11-05,SmartPhones,No
8597,5,72.75,2021-11-28,Home_Appliances,Yes
8257,95,198.96,2019-05-22,Home_Appliances,No
4415,50,139.47,2020-08-26,SmartPhones,No
9534,33,101.43,2018-09-08,SmartPhones,Yes
2850,82,92.49,2019-04-29,Electronics,Yes
4982,6,120.40,2018-01-19,Laptops,Yes
2497,80,74.30,2021-11-05,Electronics,Yes
2759,63,54.21,2018-09-15,SmartPhones,No
3207,6,102.21,2019-05-29,Laptops,No
5314,47,96.28,2021-01-14,Laptops,Yes
4912,93,22.03,2019-10-19,Laptops,Yes
5638,53,131.77,2019-10-23,Electronics,Yes
3126,5,48.40,2019-01-01,Laptops,Yes
9026,80,143.25,2020-12-12,SmartPhones,Yes
4419,63,186.40,2021-09-04,Electronics,No
7814,48,160.91,2022-08-11,Electronics,No
2276,67,28.45,2019-03-19,Home_Appliances,No
3931,96,116.05,2021-02-17,Electronics,No
2705,24,114.49,2018-12-08,SmartPhones,Yes
6163,42,170.52,2021-01-31,Laptops,No
1567,77,13.10,2019-08-06,Home_Appliances,No
6159,99,166.17,2018-02-14,SmartPhones,Yes
5341,75,57.47,2020-01-22,SmartPhones,No
2562,83,67.07,2021-05-04,Laptops,Yes
8115,16,175.26,2020-05-03,Home_Appliances,Yes
9591,41,112.59,2018-03-26,Home_Appliances,No
7436,97,123.08,2020-07-01,Electronics,Yes
6507,61,118.57,2018-06-19,Electronics,No
3136,18,101.38,2022-04-10,Home_Appliances,No
7776,47,76.18,2020-05-17,SmartPhones,No
6729,57,128.40,2021-06-16,Laptops,Yes
3555,94,172.03,2022-04-01,Electronics,Yes
5713,44,141.82,2018-01-29,Electronics,No
9814,27,113.82,2019-03-10,SmartPhones,No
1301,75,182.15,2020-02-11,Electronics,No
5444,60,134.40,2018-04-19,Electronics,Yes
6901,14,13.62,2022-11-06,Laptops,Yes
6168,77,111.00,2020-09-19,Home_Appliances,Yes
1352,32,185.23,2018-03-23,SmartPhones,No
6765,81,67.44,2019-12-29,SmartPhones,Yes
1482,36,52.86,2021-02-10,SmartPhones,No
4726,31,118.85,2020-05-04,Laptops,No
4387,18,120.40,2021-08-29,Home_Appliances,Yes
3215,99,37.58,2020-05-30,Home_Appliances,No
4016,19,148.15,2019-10-13,SmartPhones,No
4783,30,53.87,2021-05-06,Electronics,No
8680,84,81.05,2021-12-29,Laptops,No
7694,2,185.83,2022-04-15,Laptops,Yes
5025,69,85.17,2020-11-28,Electronics,No
5770,51,178.04,2020-06-19,SmartPhones,No
9952,51,88.58,2018-10-05,Laptops,Yes
4308,59,27.13,2022-12-13,SmartPhones,Yes
8362,47,26.21,2021-07-22,Laptops,Yes
6491,85,173.91,2021-03-04,Home_Appliances,Yes
6071,99,192.58,2022-02-04,SmartPhones,Yes
5146,59,104.55,2018-01-26,Laptops,Yes
4401,24,38.17,2018-04-11,SmartPhones,Yes
5889,12,19.32,2019-11-10,Laptops,Yes
2108,55,170.23,2022-04-03,Electronics,No
6393,53,109.68,2020-12-15,Home_Appliances,Yes
6797,79,116.90,2018-09-23,Laptops,No
5759,1,32.46,2019-02-01,Laptops,Yes
7793,6,73.42,2020-04-27,Home_Appliances,Yes
2111,39,106.27,2019-09-23,SmartPhones,Yes
1477,23,46.86,2022-09-01,SmartPhones,No
8888,81,97.52,2018-11-15,SmartPhones,No
9537,73,147.74,2019-09-06,SmartPhones,Yes
6793,20,63.29,2018-05-16,Electronics,No
7382,77,32.20,2019-01-19,SmartPhones,No
4893,58,167.60,2020-02-01,SmartPhones,Yes
1612,26,183.54,2022-05-12,Laptops,Yes
6572,94,176.04,2020-09-17,SmartPhones,No
6095,88,171.14,2018-04-01,Electronics,No
8227,16,61.80,2021-10-06,Home_Appliances,No
2677,70,76.56,2019-02-28,SmartPhones,No
5011,10,69.16,2018-12-17,SmartPhones,No
1826,50,20.22,2018-08-05,Laptops,No
8304,46,69.36,2021-06-16,Home_Appliances,Yes
3159,90,98.97,2018-07-10,Laptops,No
6320,63,15.75,2020-07-17,Laptops,Yes
6711,74,34.20,2021-05-22,Electronics,No
2162,39,111.22,2022-06-11,Laptops,No
8903,9,74.74,2020-02-26,Laptops,No
3835,86,24.80,2021-09-19,Laptops,Yes
8294,40,191.62,2018-12-27,Electronics,Yes
1003,19,135.57,2022-03-31,Laptops,No
6187,73,160.93,2019-09-06,SmartPhones,No
1133,66,86.80,2021-06-06,Home_Appliances,No
1013,72,165.94,2021-12-11,SmartPhones,Yes
7459,41,145.24,2021-07-04,Laptops,No
3278,72,83.07,2019-01-21,SmartPhones,No
3248,54,173.43,2021-08-08,Laptops,Yes
7731,74,79.72,2021-01-23,Electronics,No
5017,81,150.92,2020-08-25,Electronics,No
1176,59,107.41,2020-08-18,Laptops,No
5738,5,142.06,2018-12-10,SmartPhones,No
1845,38,163.69,2021-09-06,Electronics,No
5552,17,127.00,2019-06-01,SmartPhones,No
3476,58,80.26,2021-09-11,Home_Appliances,No
9640,5,75.14,2022-11-01,Electronics,Yes
7765,50,55.21,2022-04-27,Laptops,Yes
9724,49,139.87,2019-04-24,Laptops,No
5731,58,82.58,2022-06-21,SmartPhones,Yes
7408,99,138.31,2020-08-02,Home_Appliances,Yes
6132,2,137.83,2021-01-26,Electronics,Yes
6759,93,63.83,2019-03-26,Home_Appliances,Yes
4552,82,33.14,2021-05-12,Electronics,Yes
4027,90,45.01,2018-08-16,SmartPhones,No
4287,51,43.90,2021-06-03,Laptops,Yes
2740,92,59.21,2020-06-23,Electronics,Yes
1307,20,134.04,2020-10-16,Electronics,Yes
7411,1,107.92,2021-03-22,Laptops,No
2148,29,10.63,2021-01-11,Laptops,Yes
5961,8,130.13,2020-03-31,Electronics,No
8530,99,65.09,2022-04-07,Home_Appliances,Yes
5896,50,180.33,2021-11-26,SmartPhones,No
3292,25,14.82,2018-03-15,Home_Appliances,No
9186,58,193.65,2020-12-29,Electronics,Yes
7643,28,163.35,2018-08-31,Laptops,Yes
3319,84,13.62,2020-09-28,Electronics,Yes
1818,13,96.68,2019-09-22,Home_Appliances,Yes
4613,26,90.98,2018-05-10,Laptops,No
6268,28,155.20,2022-09-10,Home_Appliances,No
3753,48,115.15,2021-11-27,Laptops,Yes
7162,21,12.97,2022-05-12,Laptops,Yes
5648,89,163.41,2020-05-02,Laptops,Yes
7750,23,126.00,2019-05-05,Electronics,Yes
5934,54,10.87,2019-12-14,Home_Appliances,Yes
6929,98,197.49,2022-11-02,Home_Appliances,No
4173,20,140.20,2018-08-19,Laptops,No
6966,27,92.59,2019-08-07,SmartPhones,No
3881,4,102.16,2018-11-20,Electronics,Yes
6340,26,151.95,2020-05-08,SmartPhones,Yes
7759,26,81.35,2022-11-17,Home_Appliances,Yes
3374,79,96.45,2019-03-19,Laptops,No
5418,43,34.17,2019-02-19,Electronics,No
3804,44,51.77,2022-04-07,SmartPhones,Yes
3784,71,172.45,2021-03-29,Electronics,No
8757,60,63.04,2022-09-11,Laptops,Yes
3440,1,89.38,2021-03-20,Electronics,Yes
7662,17,78.10,2019-03-23,Home_Appliances,Yes
8524,74,151.98,2022-10-24,Electronics,No
4030,48,129.09,2022-06-06,Electronics,Yes
5859,97,61.26,2020-05-22,Home_Appliances,Yes
9433,47,178.72,2021-10-13,Electronics,No
3871,72,143.93,2021-08-20,Home_Appliances,Yes
8839,97,120.22,2022-02-19,Home_Appliances,Yes
7929,7,22.04,2019-07-22,SmartPhones,No
9714,69,180.90,2021-10-21,Laptops,No
2075,59,26.59,2019-01-21,Laptops,Yes
5521,90,38.11,2018-08-18,Home_Appliances,Yes
9870,61,75.87,2018-09-28,Laptops,Yes
4806,67,132.49,2022-09-06,Laptops,No
9686,71,94.60,2022-09-21,SmartPhones,Yes
4715,48,194.44,2020-09-18,Electronics,Yes
3634,69,64.20,2021-12-28,Home_Appliances,Yes
3072,34,80.24,2020-06-21,Home_Appliances,Yes
8347,21,111.39,2021-01-10,Electronics,Yes
8504,20,10.82,2019-10-18,SmartPhones,No
3409,73,148.42,2022-06-26,Laptops,No
3284,71,32.21,2021-10-20,Electronics,No
6347,78,131.85,2018-04-23,Home_Appliances,No
2431,51,46.95,2020-11-14,SmartPhones,Yes
8006,50,80.84,2020-01-28,SmartPhones,No
2435,94,178.68,2019-03-18,Laptops,No
7944,54,36.52,2022-02-01,Electronics,Yes
6495,76,153.66,2018-05-16,Electronics,Yes
8571,73,153.50,2021-12-25,Home_Appliances,Yes
1691,39,168.57,2022-08-13,SmartPhones,No
1040,34,67.03,2018-11-12,Laptops,Yes
9059,83,56.50,2021-11-09,Electronics,No
6927,62,117.46,2021-04-05,SmartPhones,No
1287,34,40.94,2022-09-28,Electronics,Yes
3675,35,78.62,2018-04-19,SmartPhones,Yes
5932,88,142.61,2019-07-10,SmartPhones,Yes
3243,37,80.87,2020-11-27,Laptops,No
6604,91,67.89,2018-12-19,Electronics,Yes
6036,27,34.74,2018-09-14,Electronics,No
8934,56,18.08,2022-04-01,Electronics,Yes
2948,6,22.59,2019-06-03,Electronics,Yes
4277,86,76.79,2019-01-14,Electronics,Yes
6698,21,172.48,2019-12-23,Home_Appliances,Yes
4555,25,193.21,2022-01-05,Home_Appliances,Yes
9260,91,100.20,2022-10-10,Home_Appliances,No
7219,28,107.71,2020-05-18,Laptops,Yes
9515,64,154.83,2018-10-06,SmartPhones,Yes
2723,57,109.31,2020-03-22,Electronics,Yes
2666,22,22.29,2022-02-27,Home_Appliances,No
4815,55,147.79,2022-09-13,SmartPhones,No
6834,86,124.60,2020-09-01,Laptops,No
3001,63,104.48,2019-05-29,Home_Appliances,Yes
1438,49,124.87,2019-01-02,SmartPhones,Yes
9518,64,160.62,2022-04-21,Home_Appliances,No
6629,70,113.86,2022-07-16,Electronics,No
7165,59,16.84,2020-06-25,Home_Appliances,No
8797,21,106.27,2021-02-25,Laptops,No
6779,37,70.89,2022-04-19,Electronics,Yes
1440,81,74.84,2022-04-17,Electronics,No
5001,31,133.14,2019-05-23,Electronics,Yes
9821,5,97.57,2019-10-30,Laptops,No
2234,69,50.68,2022-09-18,SmartPhones,Yes
2506,75,28.00,2022-01-09,SmartPhones,No
4436,10,133.79,2019-12-13,SmartPhones,No
7591,80,107.92,2019-05-30,Home_Appliances,Yes
9178,85,192.80,2019-03-13,Laptops,No
5919,56,87.95,2022-09-25,Electronics,Yes
6087,63,116.37,2020-08-08,Laptops,No
3235,34,160.04,2018-03-01,SmartPhones,Yes
1326,11,69.64,2018-04-24,SmartPhones,Yes
2479,93,170.12,2020-03-23,Home_Appliances,Yes
7388,96,151.35,2022-07-09,Laptops,Yes
8200,33,173.95,2020-04-16,Electronics,No
9941,61,139.72,2020-05-17,SmartPhones,Yes
6945,88,33.19,2022-07-22,Home_Appliances,No
5186,12,187.90,2019-09-09,Home_Appliances,No
6196,99,132.44,2022-12-07,Electronics,No
5275,9,76.85,2020-11-02,SmartPhones,No
4010,57,160.29,2021-07-14,Home_Appliances,Yes
2347,21,57.42,2018-08-15,Home_Appliances,No
3187,23,140.62,2019-06-18,SmartPhones,No
7182,74,52.65,2022-09-06,Electronics,Yes
3764,52,127.42,2018-04-12,SmartPhones,Yes
2922,92,109.91,2018-01-29,Laptops,No
4858,58,182.39,2021-06-19,SmartPhones,No
7513,28,145.53,2021-11-07,Laptops,No
4847,46,199.38,2020-08-22,Electronics,Yes
7466,48,35.13,2021-10-06,Electronics,Yes
8669,12,70.29,2018-09-28,Laptops,Yes
9179,36,152.09,2022-11-21,Laptops,No
5321,41,92.80,2020-11-24,Home_Appliances,No
8208,25,38.24,2018-04-19,Home_Appliances,Yes
8150,64,17.75,2018-08-26,SmartPhones,No
3425,45,27.78,2018-09-11,SmartPhones,Yes
4479,1,109.94,2021-04-10,Home_Appliances,No
2545,43,14.93,2022-12-23,Electronics,No
6300,4,25.40,2018-11-11,Laptops,No
6397,84,128.25,2018-03-31,Laptops,No
3118,7,162.30,2019-03-09,SmartPhones,No
7592,83,152.99,2019-08-07,Home_Appliances,Yes
6080,78,34.94,2021-11-03,Electronics,No
8805,73,124.06,2019-07-04,Electronics,No
7979,6,107.53,2018-07-10,Laptops,Yes
9638,83,109.69,2021-07-13,SmartPhones,No
3434,88,181.55,2018-09-19,Home_Appliances,No
1738,14,107.02,2020-11-17,Laptops,Yes
6823,75,25.54,2019-06-06,Electronics,Yes
7438,11,89.09,2018-04-03,SmartPhones,No
5342,24,50.10,2019-12-01,Electronics,No
1095,15,12.53,2020-03-19,Laptops,No
8974,80,164.50,2019-09-13,SmartPhones,No
4126,3,142.25,2018-08-18,Home_Appliances,Yes
8139,81,173.06,2022-09-21,Home_Appliances,Yes
1357,22,181.46,2018-08-27,Laptops,No
4298,73,167.60,2019-08-27,Laptops,Yes
8993,92,21.53,2019-04-20,Electronics,No
8738,21,128.15,2022-06-26,SmartPhones,Yes
9063,54,189.18,2018-07-26,Laptops,No
2043,56,31.65,2019-11-23,Home_Appliances,Yes
6820,6,156.32,2022-04-25,SmartPhones,Yes
2706,7,186.06,2021-12-17,Laptops,No
2669,72,17.97,2022-08-14,Electronics,Yes
3572,38,144.55,2022-01-31,Laptops,Yes
3014,26,93.43,2022-10-04,Laptops,Yes
9274,11,60.54,2018-12-17,Laptops,No
9677,30,36.22,2020-05-13,Laptops,No
2140,44,69.81,2018-06-23,Home_Appliances,No
3473,8,195.77,2021-03-22,SmartPhones,No
5986,96,69.60,2022-01-17,SmartPhones,Yes
7627,26,177.39,2022-05-08,Electronics,Yes
3064,70,63.95,2020-12-01,Electronics,No
1456,70,122.58,2022-12-29,Home_Appliances,No
5881,95,10.99,2021-03-18,SmartPhones,Yes
9737,77,54.43,2022-09-26,SmartPhones,No
3293,49,108.74,2022-01-02,Home_Appliances,Yes
6919,13,37.85,2020-07-19,Laptops,No
8210,63,149.03,2021-11-12,Laptops,Yes
3119,66,174.02,2021-12-13,Electronics,Yes
7051,78,171.94,2018-09-01,Electronics,Yes
2929,40,198.29,2020-01-31,SmartPhones,No
7910,40,178.92,2018-04-10,Home_Appliances,Yes
6712,6,89.34,2018-05-19,SmartPhones,No
3175,18,105.91,2022-04-10,Laptops,No
2463,80,136.26,2022-06-27,Laptops,No
3028,72,26.18,2021-08-11,Electronics,Yes
9713,3,62.24,2019-01-04,Home_Appliances,Yes
2386,69,125.30,2022-07-11,Laptops,Yes
3957,4,173.33,2020-04-29,SmartPhones,No
6329,4,145.53,2019-01-07,SmartPhones,No
2885,8,70.48,2019-07-06,Laptops,Yes
1305,71,193.06,2019-07-06,Electronics,Yes
7664,11,170.79,2020-07-02,Home_Appliances,Yes
6757,81,50.42,2022-09-22,SmartPhones,Yes
2469,90,33.37,2020-03-20,Home_Appliances,No
6215,88,189.63,2022-12-16,SmartPhones,No
3843,72,180.10,2020-04-26,Laptops,No
2270,4,179.59,2021-01-08,Laptops,Yes
6864,23,169.44,2020-03-03,Electronics,Yes
4629,3,154.10,2022-03-02,SmartPhones,Yes
4623,64,193.79,2019-04-25,Electronics,No
1116,82,85.26,2019-02-06,SmartPhones,No
9491,64,78.68,2020-08-13,Electronics,Yes
1393,81,187.66,2021-04-28,SmartPhones,Yes
8314,16,26.25,2021-03-31,Electronics,Yes
3089,57,20.41,2018-05-07,Laptops,Yes
7249,13,127.29,2020-04-02,Laptops,Yes
8428,60,161.08,2020-02-26,Electronics,No
9474,76,46.57,2019-11-04,Electronics,Yes
4172,17,131.10,2021-03-19,SmartPhones,No
4983,6,21.49,2018-10-09,SmartPhones,No
9866,19,38.01,2022-05-08,SmartPhones,No
4297,9,74.89,2022-05-28,Laptops,No
6431,95,81.42,2022-07-12,Laptops,Yes
6863,72,31.89,2018-03-03,SmartPhones,No
5029,26,14.08,2019-01-01,SmartPhones,Yes
2818,27,67.96,2019-11-25,Home_Appliances,No
5819,20,72.26,2022-06-06,Electronics,No
9011,94,25.47,2019-03-05,Laptops,Yes
9342,64,108.59,2020-02-06,Home_Appliances,No
9106,35,120.43,2020-08-28,Electronics,Yes
7486,40,90.75,2019-03-24,Laptops,Yes
7981,60,92.18,2020-07-12,SmartPhones,No
5096,96,164.96,2019-09-12,SmartPhones,Yes
9898,2,156.31,2019-06-19,SmartPhones,No
1194,84,107.40,2020-08-24,Home_Appliances,No
4829,76,159.34,2020-11-22,Laptops,No
3102,95,11.84,2019-09-18,SmartPhones,No
9808,42,121.52,2019-09-06,Electronics,Yes
7404,27,190.25,2020-02-20,Electronics,No
8397,39,27.72,2021-08-01,Electronics,Yes
4058,9,183.16,2019-02-12,Laptops,No
8449,48,108.52,2018-04-28,Home_Appliances,No
2814,69,89.50,2018-09-22,Electronics,No
4369,56,165.40,2019-09-27,Laptops,Yes
9232,88,97.20,2022-01-07,Home_Appliances,Yes
5044,43,182.96,2020-12-12,Laptops,No
8476,90,170.10,2019-12-12,SmartPhones,No
7447,6,55.54,2021-12-01,Home_Appliances,No
2093,93,147.26,2021-11-30,Home_Appliances,No
7041,97,29.99,2018-06-06,SmartPhones,No
8572,10,131.38,2018-02-24,Laptops,No
1618,33,31.79,2018-01-22,Home_Appliances,No
2352,85,56.04,2021-01-28,Laptops,Yes
1295,13,43.67,2021-05-28,Electronics,No
5476,57,78.04,2018-11-11,Home_Appliances,Yes
1782,82,164.19,2022-09-10,Electronics,No
1457,44,165.90,2018-01-30,Electronics,Yes
3750,22,18.36,2022-01-22,Electronics,No
9875,55,32.95,2020-03-20,Home_Appliances,Yes
3809,13,123.97,2019-05-31,Laptops,Yes
6209,86,101.60,2022-10-10,SmartPhones,Yes
4808,76,143.88,2020-10-28,Electronics,Yes
4873,55,153.88,2022-02-20,Electronics,Yes
7156,83,17.20,2019-02-23,Laptops,No
1648,54,133.13,2020-12-02,SmartPhones,Yes
8247,1,22.28,2021-07-13,Laptops,Yes
4345,12,43.00,2018-09-15,Home_Appliances,Yes
3689,26,56.54,2022-01-17,Home_Appliances,Yes
4299,62,25.20,2019-07-11,SmartPhones,No
8101,20,165.72,2022-04-07,Laptops,Yes
5918,69,39.03,2021-05-03,Home_Appliances,No
8878,43,35.96,2018-05-28,Laptops,Yes
9203,93,81.11,2022-02-04,Laptops,No
9020,83,197.63,2019-09-23,Electronics,No
3660,98,92.90,2019-02-02,SmartPhones,No
1462,86,132.61,2021-11-29,SmartPhones,No
3644,15,156.48,2018-01-26,Laptops,No
3338,96,49.81,2019-07-05,Laptops,No
2587,100,142.30,2018-05-24,Laptops,No
3721,38,26.28,2018-06-13,Electronics,No
8949,98,29.15,2021-10-09,Electronics,No
8961,97,74.04,2020-08-27,Laptops,No
4925,86,85.71,2020-01-10,Electronics,No
7583,18,14.88,2022-01-25,Electronics,No
8404,88,135.19,2021-06-20,Laptops,No
6278,82,78.44,2018-02-04,Electronics,No
2333,55,188.43,2019-12-15,Laptops,Yes
3345,67,176.48,2022-11-17,Electronics,Yes
9990,60,41.93,2022-11-27,Laptops,Yes
3792,85,142.98,2022-03-23,Electronics,No
6349,99,63.27,2020-02-25,SmartPhones,No
9757,93,103.47,2021-07-21,SmartPhones,Yes
6623,92,151.16,2020-02-12,Laptops,No
7229,95,10.32,2021-03-27,Electronics,Yes
6980,87,187.45,2022-06-22,Home_Appliances,Yes
6176,38,169.07,2018-10-24,Laptops,No
1562,41,68.69,2021-05-11,Electronics,No
4534,38,143.79,2020-10-10,Laptops,Yes
7419,85,183.35,2019-09-05,Home_Appliances,Yes
6706,51,84.30,2022-04-01,SmartPhones,No
3418,55,139.09,2020-02-11,Home_Appliances,Yes
1859,66,133.52,2018-08-29,Laptops,Yes
4946,63,67.51,2020-03-23,Home_Appliances,No
2468,60,174.33,2022-05-12,Laptops,No
2910,16,102.95,2018-06-19,Home_Appliances,Yes
2549,76,44.41,2022-06-15,Laptops,No
9004,67,169.06,2018-05-11,Electronics,Yes
3948,72,94.97,2018-01-11,SmartPhones,Yes
2438,33,171.78,2021-02-25,Electronics,Yes
9919,55,195.65,2018-12-18,Electronics,Yes
5807,69,94.53,2021-09-11,Laptops,No
9818,27,140.71,2020-11-11,Electronics,Yes
4526,78,114.89,2018-10-02,SmartPhones,No
5177,49,133.46,2019-06-18,Home_Appliances,No
3346,27,23.41,2021-01-02,SmartPhones,Yes
9379,21,89.74,2021-05-23,Home_Appliances,No
6464,35,37.80,2022-05-13,Home_Appliances,No
7203,16,43.39,2018-08-04,SmartPhones,No
5620,35,125.42,2021-02-03,Electronics,Yes
9711,77,177.58,2021-02-03,Laptops,No
3547,17,37.11,2021-09-08,SmartPhones,Yes
5699,55,108.91,2019-07-19,Home_Appliances,No
6123,12,130.59,2022-09-28,Electronics,Yes
5683,64,163.59,2021-02-08,Electronics,No
9156,88,199.61,2020-11-20,Electronics,No
1119,55,143.49,2022-01-02,SmartPhones,Yes
9652,78,18.05,2021-11-01,Laptops,Yes
4687,10,79.74,2018-12-25,Home_Appliances,No
7115,44,183.67,2018-08-20,Home_Appliances,Yes
1036,81,118.08,2022-02-20,Home_Appliances,No
1580,80,171.19,2020-08-06,Electronics,No
2755,45,179.14,2018-01-11,Home_Appliances,No
2388,66,180.72,2020-12-19,Laptops,Yes
5098,61,85.12,2019-04-09,SmartPhones,No
2780,85,169.48,2020-06-17,Home_Appliances,Yes
4260,86,196.76,2020-09-08,Electronics,No
3087,97,155.23,2019-10-28,Laptops,No
3066,45,105.00,2018-11-15,Home_Appliances,Yes
1131,62,65.00,2020-06-08,Laptops,Yes
9376,32,63.42,2019-01-18,Electronics,No
4250,91,158.72,2020-08-28,Electronics,Yes
3436,16,35.14,2019-04-15,Electronics,No
4270,7,82.27,2018-07-06,SmartPhones,Yes
6240,24,17.77,2018-04-08,Electronics,No
2650,24,57.93,2020-06-01,Laptops,No
3134,47,150.85,2019-11-10,SmartPhones,No
2429,14,34.79,2022-12-22,Electronics,Yes
4120,91,94.70,2019-01-31,Electronics,Yes
8769,26,111.38,2022-04-08,Home_Appliances,Yes
6690,58,129.67,2020-01-20,Electronics,No
9255,3,41.72,2022-06-08,SmartPhones,Yes
4116,51,104.05,2022-02-25,Electronics,Yes
7393,78,61.58,2020-03-31,Home_Appliances,Yes
9401,65,144.47,2020-07-21,SmartPhones,No
2951,29,18.67,2018-12-17,Home_Appliances,No
3178,7,132.06,2019-07-08,Home_Appliances,Yes
7047,11,189.82,2019-10-27,SmartPhones,Yes
1938,2,166.55,2021-07-05,Home_Appliances,No
2743,96,140.74,2022-01-19,SmartPhones,Yes
7479,58,54.03,2018-11-15,Laptops,No
8526,23,45.88,2019-01-14,Laptops,Yes
3911,51,140.60,2022-08-02,Home_Appliances,Yes
7594,93,110.09,2018-07-25,Electronics,Yes
1716,32,156.32,2018-09-28,SmartPhones,Yes
1153,14,113.05,2022-06-10,SmartPhones,Yes
8279,21,68.40,2022-07-29,Laptops,Yes
5617,10,126.98,2020-01-02,Electronics,No
3475,55,110.79,2018-12-31,Home_Appliances,No
5702,14,61.51,2019-12-15,Laptops,No
2251,1,173.73,2022-06-04,Home_Appliances,Yes
8838,9,31.50,2022-07-27,Laptops,No
5028,54,114.37,2020-02-24,Laptops,Yes
4593,12,54.69,2021-12-10,Electronics,Yes
3188,8,183.16,2018-08-14,SmartPhones,Yes
7898,27,167.29,2019-05-12,Electronics,Yes
1431,55,80.62,2021-11-26,Electronics,Yes
3988,96,36.62,2020-08-20,SmartPhones,No
1216,15,39.62,2019-08-11,Electronics,Yes
8443,92,167.61,2021-02-08,SmartPhones,Yes
9544,17,151.20,2020-02-13,Laptops,Yes
5623,70,30.23,2018-11-30,Home_Appliances,Yes
1530,35,26.16,2019-05-08,Electronics,No
3122,87,28.50,2021-12-10,Laptops,Yes
7260,76,175.07,2020-09-03,Electronics,No
2528,30,178.04,2022-01-11,Home_Appliances,Yes
9573,44,95.02,2022-04-24,Home_Appliances,No
1655,92,157.09,2022-12-30,Laptops,Yes
3496,81,198.94,2021-03-07,Electronics,Yes
2428,13,96.41,2020-10-18,Home_Appliances,No
2461,23,145.02,2018-05-26,Laptops,No
3113,47,107.37,2020-06-21,SmartPhones,No
1699,83,20.84,2021-06-25,Home_Appliances,Yes
7541,10,52.38,2022-10-15,Laptops,Yes
8616,11,44.25,2018-08-12,Electronics,No
6198,78,102.40,2019-12-03,Laptops,Yes
8699,82,50.56,2018-10-26,Electronics,No
2134,52,25.52,2019-07-15,Laptops,No
1880,55,74.98,2018-07-09,SmartPhones,Yes
9773,21,193.46,2021-11-11,Laptops,No
1597,96,196.02,2019-03-24,Laptops,Yes
4131,74,191.47,2021-10-23,SmartPhones,No
3043,64,133.29,2021-12-03,Laptops,No
9571,43,31.54,2022-04-16,Home_Appliances,No
9892,49,64.16,2020-06-11,Laptops,No
2625,14,27.03,2018-06-29,Electronics,No
9924,82,94.38,2018-07-24,Electronics,No
7243,26,172.71,2018-08-23,Electronics,No
7484,48,158.62,2018-01-16,SmartPhones,No
7794,31,10.79,2021-10-10,Laptops,Yes
7412,79,132.44,2019-01-30,Electronics,No
3846,41,108.28,2020-04-05,Laptops,Yes
7422,98,129.19,2022-09-23,SmartPhones,Yes
8166,81,156.31,2018-01-24,Home_Appliances,Yes
4175,32,148.00,2021-01-01,Laptops,No
1379,75,174.72,2021-07-31,Electronics,No
5292,12,24.70,2019-01-05,SmartPhones,Yes
2205,81,24.50,2020-09-23,Laptops,No
3639,39,11.93,2019-01-04,Home_Appliances,Yes
9953,21,109.13,2018-01-11,SmartPhones,Yes
9384,20,51.10,2022-04-08,SmartPhones,Yes
2367,89,188.57,2022-01-30,SmartPhones,No
5822,96,163.71,2020-08-14,Laptops,No
5605,14,120.89,2020-03-15,SmartPhones,Yes
8309,77,151.95,2020-05-17,SmartPhones,Yes
9691,51,15.69,2019-12-23,Home_Appliances,No
4525,48,80.67,2021-09-07,SmartPhones,Yes
4502,73,161.10,2020-08-11,Home_Appliances,Yes
2686,36,146.09,2021-02-22,Electronics,No
4246,7,162.52,2019-02-08,Laptops,Yes
3803,42,122.32,2021-05-16,Home_Appliances,Yes
1076,37,34.90,2020-08-03,Laptops,Yes
1266,61,28.07,2018-05-23,Laptops,No
6131,79,18.94,2020-10-08,SmartPhones,No
1705,7,189.96,2018-08-15,Electronics,No
5422,22,185.72,2021-12-01,Laptops,Yes
7771,58,136.96,2021-07-28,Home_Appliances,No
8908,12,60.12,2019-04-08,SmartPhones,Yes
4373,10,24.28,2021-11-24,Laptops,Yes
3523,65,30.08,2022-10-03,Home_Appliances,Yes
9412,100,86.04,2019-02-20,Electronics,No
2672,60,176.48,2018-10-29,Electronics,Yes
3467,65,91.86,2020-03-23,SmartPhones,Yes
7267,55,46.85,2022-02-08,Home_Appliances,No
7437,29,149.45,2018-07-27,SmartPhones,No
5718,77,64.72,2021-12-16,Electronics,Yes
6002,89,55.34,2022-10-13,SmartPhones,Yes
1208,61,91.31,2021-09-26,Electronics,Yes
1159,46,194.21,2021-05-01,Electronics,No
5933,43,179.36,2021-12-25,Laptops,Yes
3423,29,135.28,2020-04-20,Home_Appliances,No
9927,68,43.24,2020-07-09,SmartPhones,No
6067,6,120.11,2019-01-26,SmartPhones,Yes
6685,15,194.20,2019-08-14,Laptops,Yes
3664,63,64.77,2019-09-14,SmartPhones,Yes
3022,63,68.11,2018-04-19,Laptops,No
6737,37,159.20,2022-12-05,Home_Appliances,Yes
8078,11,65.25,2021-04-13,Electronics,No
7328,52,193.71,2020-05-15,Electronics,No
8140,42,162.83,2021-10-22,Home_Appliances,Yes
5997,39,117.67,2018-06-25,Laptops,Yes
3270,57,141.89,2020-12-14,SmartPhones,No
8557,72,15.02,2018-02-26,Laptops,Yes
4975,66,80.89,2021-04-03,SmartPhones,Yes
1097,98,176.23,2020-08-05,Laptops,Yes
2753,77,28.51,2019-11-14,SmartPhones,No
9369,92,20.07,2022-02-23,Home_Appliances,Yes
3535,81,69.07,2019-09-09,Electronics,No
3507,16,108.77,2021-05-21,Home_Appliances,Yes
7401,16,66.99,2018-04-24,Laptops,Yes
8194,85,127.26,2022-10-26,Laptops,Yes
4943,66,150.92,2018-12-16,Home_Appliances,No
9076,86,62.28,2020-01-23,Laptops,Yes
5643,16,117.20,2020-07-25,Electronics,No
8282,46,192.93,2018-03-29,Laptops,No
9244,45,181.48,2019-03-08,Laptops,Yes
6558,92,173.15,2020-07-30,Home_Appliances,No
2117,83,101.91,2022-09-15,Laptops,Yes
9608,17,142.58,2019-06-15,SmartPhones,No
4876,23,148.35,2018-08-04,Laptops,No
1613,96,23.85,2022-10-01,SmartPhones,Yes
7187,82,119.02,2018-09-30,Home_Appliances,Yes
4296,21,92.47,2022-02-28,Home_Appliances,Yes
4334,18,179.73,2018-03-10,SmartPhones,No
9653,25,168.16,2020-10-13,Laptops,No
2100,55,128.84,2020-06-17,Electronics,Yes
9170,7,124.28,2019-04-18,SmartPhones,Yes
5118,91,78.00,2020-03-10,Home_Appliances,No
9192,52,127.54,2019-10-02,Electronics,No
1528,54,59.57,2019-11-24,SmartPhones,Yes
2021,64,23.85,2019-04-28,Electronics,No
2320,71,100.97,2022-12-23,Home_Appliances,No
4214,78,173.46,2020-12-30,Electronics,No
8040,55,114.41,2021-12-07,Electronics,No
6763,44,92.94,2019-02-01,Electronics,Yes
9785,6,198.28,2021-03-09,Electronics,Yes
3958,6,69.68,2019-08-02,Home_Appliances,No
2258,33,188.29,2018-06-06,Home_Appliances,No
4609,92,67.52,2020-06-27,SmartPhones,No
6224,70,105.65,2021-11-30,Electronics,No
5583,27,183.29,2018-06-10,Home_Appliances,No
7294,11,21.35,2019-09-08,Laptops,No
4677,49,45.04,2019-02-26,Laptops,Yes
1425,97,179.70,2021-05-31,SmartPhones,Yes
8111,55,158.70,2022-11-09,Electronics,Yes
5709,69,98.07,2022-10-25,SmartPhones,Yes
4903,2,63.33,2018-09-28,SmartPhones,Yes
7465,79,62.11,2018-03-21,SmartPhones,No
3036,73,135.55,2019-09-21,SmartPhones,Yes
1606,62,131.17,2020-01-05,Home_Appliances,No
6145,57,44.16,2018-05-12,SmartPhones,No
8214,41,17.97,2021-04-02,Home_Appliances,Yes
1264,46,112.68,2021-10-21,Electronics,Yes
9372,31,48.77,2018-06-08,SmartPhones,No
1404,78,159.75,2019-10-31,SmartPhones,No
5817,4,40.46,2021-06-27,Electronics,No
4464,41,107.05,2022-07-13,SmartPhones,Yes
3458,98,199.59,2020-02-20,Electronics,Yes
9982,54,112.40,2022-02-12,Electronics,Yes
6192,25,168.84,2019-07-06,SmartPhones,Yes
4782,41,152.16,2020-07-22,Electronics,Yes
2305,72,106.07,2019-12-22,SmartPhones,No
3052,32,157.53,2021-01-06,Laptops,Yes
2932,53,89.99,2018-06-16,Home_Appliances,No
8439,22,32.95,2018-02-01,SmartPhones,No
8068,89,41.72,2018-02-19,Electronics,Yes
7919,17,86.44,2019-12-27,Home_Appliances,No
2765,6,24.01,2022-01-19,SmartPhones,No
9345,20,180.16,2018-06-21,SmartPhones,No
5576,13,54.13,2022-05-03,Laptops,No
9326,55,64.20,2022-09-25,Laptops,No
8973,29,178.22,2020-06-17,SmartPhones,No
5565,13,49.30,2018-10-16,Home_Appliances,Yes
8288,17,167.90,2020-12-02,SmartPhones,Yes
8082,34,26.50,2020-10-07,Home_Appliances,No
2295,29,148.20,2022-03-05,SmartPhones,Yes
9402,100,24.08,2021-10-08,SmartPhones,Yes
6202,72,135.61,2019-01-25,Electronics,Yes
4607,26,60.40,2021-10-11,Home_Appliances,No
3950,39,169.73,2022-12-03,SmartPhones,No
7960,23,98.30,2018-08-26,SmartPhones,Yes
8925,63,124.20,2022-09-17,Home_Appliances,Yes
7701,72,156.64,2018-05-05,SmartPhones,No
5271,35,102.25,2018-04-22,Home_Appliances,No
7125,53,50.97,2019-11-10,Home_Appliances,Yes
2679,51,160.36,2020-10-24,Electronics,Yes
5051,35,152.48,2018-03-11,Laptops,No
3487,95,121.76,2018-07-15,Laptops,Yes
7965,96,14.45,2020-11-15,SmartPhones,No
8723,38,91.61,2020-02-11,Home_Appliances,No
9736,32,82.66,2020-11-03,Laptops,No
8409,74,195.29,2019-04-04,Laptops,Yes
6089,19,163.84,2019-11-12,Electronics,Yes
5095,19,86.61,2018-06-21,Laptops,Yes
6535,20,16.94,2022-09-05,Laptops,Yes
9007,64,69.47,2021-01-22,Home_Appliances,No
2334,55,142.86,2018-08-04,Laptops,Yes
3722,57,175.25,2019-02-09,Electronics,Yes
9594,18,152.31,2020-09-24,Laptops,No
5441,42,126.87,2020-12-06,SmartPhones,Yes
7082,78,57.74,2020-11-29,Laptops,Yes
3217,68,145.87,2018-12-03,Laptops,Yes
1091,90,45.66,2019-10-01,Electronics,No
3563,45,130.91,2018-05-17,Home_Appliances,No
7982,94,68.09,2021-04-11,Laptops,No
3497,94,51.12,2018-07-30,Home_Appliances,No
7274,74,156.68,2019-11-08,SmartPhones,No
4546,79,37.83,2018-07-07,Home_Appliances,No
1855,66,163.37,2018-10-08,Laptops,No
7442,100,83.25,2020-02-12,Laptops,No
4504,82,168.38,2018-12-07,Home_Appliances,No
2970,56,133.90,2021-02-16,Home_Appliances,Yes
6668,55,50.62,2022-01-31,Home_Appliances,No
4208,47,109.94,2020-06-24,Electronics,No
3898,17,25.74,2022-11-19,Electronics,Yes
9914,25,134.47,2019-07-23,Electronics,No
3772,93,189.42,2021-04-16,Electronics,No
4161,98,105.29,2022-08-17,SmartPhones,Yes
9281,23,130.71,2020-04-18,Electronics,No
2410,60,26.75,2021-03-05,Electronics,Yes
1329,22,159.86,2022-04-20,Home_Appliances,No
6042,88,132.04,2022-09-11,Home_Appliances,Yes
5570,73,69.95,2018-10-15,Home_Appliances,Yes
5249,57,60.26,2021-11-29,Laptops,No
8367,81,140.54,2022-08-26,Home_Appliances,Yes
5406,66,156.95,2018-07-05,SmartPhones,Yes
4054,18,98.78,2020-08-31,SmartPhones,No
8126,52,99.98,2022-02-05,Home_Appliances,No
7572,6,194.45,2019-09-07,Home_Appliances,Yes
6670,51,41.41,2020-07-28,Electronics,Yes
8820,45,28.98,2018-11-23,Laptops,Yes
7956,51,111.48,2021-05-07,SmartPhones,No
4769,64,45.71,2018-10-10,Home_Appliances,No
7524,67,168.50,2021-10-29,Laptops,Yes
7626,2,40.57,2022-07-04,Home_Appliances,No
7581,99,20.36,2020-05-15,Laptops,No
8377,48,158.39,2020-10-25,SmartPhones,No
7282,87,25.20,2022-11-18,Electronics,No
9436,79,148.25,2022-07-23,Laptops,No
9021,47,19.51,2020-07-31,SmartPhones,No
1385,35,43.96,2021-01-16,SmartPhones,No
2829,94,16.96,2020-01-02,Laptops,Yes
9577,59,17.72,2021-03-11,SmartPhones,No
2656,66,196.25,2020-02-22,Electronics,No
1366,96,58.80,2019-01-12,Electronics,No
5967,66,112.44,2021-06-14,Home_Appliances,Yes
8158,96,140.88,2019-07-17,Home_Appliances,No
3969,37,61.81,2021-10-20,Laptops,Yes
5375,77,160.15,2020-08-05,SmartPhones,Yes
2044,37,148.35,2021-06-06,Laptops,No
1205,44,70.73,2019-12-04,Laptops,Yes
3785,50,58.58,2021-10-10,Electronics,Yes
4400,68,80.15,2022-03-12,SmartPhones,No
3731,46,117.33,2021-07-02,Laptops,Yes
4845,69,35.02,2020-02-08,Electronics,Yes
5740,21,155.71,2019-01-01,Laptops,No
5569,99,79.00,2019-10-17,Electronics,No
7618,97,98.14,2020-10-10,Laptops,Yes
9727,43,154.96,2022-08-27,Home_Appliances,Yes
7722,82,15.52,2019-01-22,Home_Appliances,Yes
7697,42,125.86,2018-02-16,Home_Appliances,No
7378,66,174.05,2021-02-04,Home_Appliances,No
4273,17,65.67,2019-10-23,Electronics,Yes
8268,23,194.83,2019-05-11,Electronics,No
2144,96,16.14,2018-01-15,Laptops,No
5260,92,112.09,2022-12-15,Electronics,No
7527,93,156.06,2022-08-24,SmartPhones,No
8021,16,29.69,2022-06-01,SmartPhones,Yes
9053,32,153.83,2022-03-22,SmartPhones,No
6942,38,68.27,2022-01-01,Home_Appliances,No
3106,78,65.54,2018-10-28,Laptops,No
5963,75,12.29,2018-10-31,SmartPhones,No
3553,65,69.72,2021-04-17,SmartPhones,No
4382,20,62.88,2019-04-05,Electronics,Yes
1199,96,170.69,2022-09-17,Home_Appliances,Yes
6398,9,61.58,2020-11-05,Electronics,Yes
5546,96,46.10,2018-07-07,Electronics,Yes
8819,13,112.02,2020-08-08,Electronics,No
8240,61,47.51,2018-06-20,Home_Appliances,No
2827,57,157.71,2022-01-14,Home_Appliances,No
5435,81,43.54,2020-10-05,Laptops,No
5079,36,138.79,2019-11-30,SmartPhones,No
1106,66,99.40,2019-10-16,Home_Appliances,Yes
8261,82,140.52,2019-12-03,Home_Appliances,Yes
9221,41,155.62,2019-09-18,Laptops,Yes
9461,84,123.09,2020-08-28,Laptops,No
5974,19,68.18,2020-01-30,SmartPhones,No
7390,91,102.54,2021-11-09,SmartPhones,No
9812,57,185.49,2020-01-27,Electronics,No
7779,20,176.05,2022-08-16,SmartPhones,Yes
9955,85,59.54,2022-04-12,SmartPhones,Yes
6143,47,181.97,2022-10-14,Laptops,Yes
7730,51,163.15,2020-05-25,Electronics,Yes
8163,65,175.89,2018-03-07,SmartPhones,No
2237,12,195.10,2021-03-03,Electronics,Yes
3493,43,23.87,2021-08-25,SmartPhones,No
8084,3,86.28,2022-12-27,SmartPhones,Yes
6810,92,174.78,2022-12-08,Home_Appliances,Yes
1429,78,189.45,2020-12-28,Electronics,Yes
6166,85,49.67,2019-04-17,SmartPhones,Yes
4559,46,15.19,2022-05-01,Laptops,Yes
4417,7,94.89,2020-02-19,Laptops,Yes
2521,65,183.52,2018-12-25,Electronics,Yes
6871,41,88.87,2022-03-16,Home_Appliances,Yes
2834,3,11.38,2020-07-24,Laptops,No
6078,9,92.49,2022-09-10,SmartPhones,Yes
7384,61,13.01,2022-11-29,SmartPhones,No
1151,67,39.59,2018-09-20,Laptops,Yes
5801,80,88.83,2020-02-01,Home_Appliances,No
5344,42,15.41,2021-06-27,Electronics,No
3364,6,112.50,2020-04-14,Home_Appliances,Yes
7879,15,194.06,2018-05-16,Laptops,No
1011,61,99.20,2019-09-30,SmartPhones,Yes
2579,64,152.26,2020-09-05,Home_Appliances,Yes
3379,95,187.58,2021-04-01,Electronics,No
1234,82,16.48,2018-10-20,Home_Appliances,Yes
6634,81,175.21,2019-01-20,Laptops,No
8206,96,63.07,2018-08-30,SmartPhones,No
8984,71,96.70,2022-05-01,Electronics,No
7988,4,193.30,2021-08-08,Home_Appliances,Yes
9370,19,169.60,2019-02-04,Home_Appliances,Yes
3486,68,109.76,2021-02-26,SmartPhones,Yes
3600,88,41.47,2018-07-25,Home_Appliances,Yes
4312,7,192.22,2019-07-25,Laptops,No
8807,42,35.86,2020-08-16,SmartPhones,Yes
4420,79,122.86,2022-02-11,Electronics,Yes
3625,32,84.34,2022-04-15,Home_Appliances,No
2155,36,36.68,2019-04-09,Laptops,Yes
6593,35,190.40,2022-11-28,Electronics,No
7978,22,176.49,2021-04-13,Laptops,No
6940,86,103.96,2019-05-10,Laptops,No
5519,82,106.49,2019-05-31,Laptops,No
8955,75,104.05,2019-05-13,Laptops,No
7157,67,175.37,2021-05-27,Laptops,Yes
2615,13,32.32,2021-03-24,Home_Appliances,No
7752,4,148.52,2022-07-01,SmartPhones,No
5074,58,158.90,2019-07-21,SmartPhones,No
9189,12,73.42,2022-10-21,Home_Appliances,No
7652,80,104.47,2019-10-03,Home_Appliances,No
6521,57,180.20,2022-07-09,Home_Appliances,Yes
9292,83,116.49,2021-12-05,Home_Appliances,No
7629,34,37.70,2022-10-12,SmartPhones,No
5815,73,194.44,2021-06-10,SmartPhones,Yes
5318,48,79.26,2020-06-02,Home_Appliances,No
6270,90,56.91,2022-10-28,Home_Appliances,Yes
4669,35,119.11,2020-08-10,Electronics,No
3807,72,95.21,2018-02-15,Electronics,No
6806,93,62.46,2018-05-14,SmartPhones,Yes
7670,99,112.53,2018-10-23,SmartPhones,Yes
2960,10,126.63,2022-05-06,Laptops,Yes
3938,24,15.60,2022-09-08,Laptops,Yes
7347,53,82.45,2022-07-07,Laptops,Yes
2336,58,152.84,2019-11-27,SmartPhones,Yes
7141,9,191.59,2022-10-26,Home_Appliances,No
3534,48,119.06,2021-05-13,Laptops,Yes
1635,16,163.37,2021-01-05,SmartPhones,No
7370,58,189.36,2022-05-25,Electronics,No
9040,52,17.90,2019-01-21,Electronics,No
2618,67,27.28,2022-10-03,SmartPhones,No
3219,98,47.63,2020-07-06,Laptops,No
2709,72,101.98,2019-10-21,Laptops,No
1903,6,45.73,2020-12-16,Electronics,No
3840,41,150.46,2021-08-05,Electronics,Yes
9810,88,176.00,2018-04-18,Home_Appliances,No
8491,29,145.36,2019-01-16,Electronics,Yes
1741,27,181.06,2020-02-21,Electronics,No
5230,55,139.28,2022-12-12,SmartPhones,Yes
7704,2,89.02,2021-11-14,Laptops,No
8998,77,11.98,2019-06-04,Laptops,Yes
4653,82,31.73,2018-05-25,Home_Appliances,No
5202,92,186.82,2021-10-26,Laptops,No
2777,16,85.03,2022-04-08,Home_Appliances,Yes
1584,62,30.78,2020-08-18,Home_Appliances,Yes
2104,56,126.91,2019-05-11,Laptops,Yes
9251,25,156.02,2022-04-20,SmartPhones,Yes
5109,45,97.79,2018-12-26,Electronics,No
9659,72,40.61,2019-08-13,SmartPhones,Yes
1286,93,42.28,2021-06-20,SmartPhones,No
